{"invoice":41650,"cash":10430,"total":52080,"recovered":27590,"pending_payment":14060,"invoice_raised":20,"invoice_paid":13,"invoice_unpaid":7,"uninv_records":5,"total_pax":170,"total_rec":95,"stream":{"1":{"amount":10430,"recovered":10430,"pax":28,"request":18,"uninvcount":0,"thisarrear":0,"fullarrear":0,"noclients":0,"raised_invoice":0,"invoice_paid":null,"uninv_records":0,"revgen":20.026881720430107947095166309736669063568115234375,"reqgen":18.947368421052633635781603516079485416412353515625,"paxgen":16.470588235294115975193562917411327362060546875},"2":{"amount":27805,"recovered":21595,"pax":100,"request":55,"uninvcount":2,"thisarrear":6210,"fullarrear":9350,"noclients":15,"raised_invoice":14,"invoice_paid":10,"uninv_records":2,"revgen":53.38901689708141162782339961268007755279541015625,"reqgen":57.89473684210526727156320703215897083282470703125,"paxgen":58.8235294117647100620160927064716815948486328125},"3":{"amount":13845,"recovered":5995,"pax":42,"request":22,"uninvcount":3,"thisarrear":7850,"fullarrear":9300,"noclients":9,"raised_invoice":6,"invoice_paid":3,"uninv_records":3,"revgen":26.58410138248847687236775527708232402801513671875,"reqgen":23.157894736842106198082547052763402462005615234375,"paxgen":24.705882352941177515504023176617920398712158203125}},"chartlabel":"\"01\",\"02\",\"03\",\"04\",\"05\",\"06\",\"07\",\"08\",\"09\",\"10\",\"11\",\"12\",\"13\",\"14\",\"15\",\"16\",\"17\",\"18\",\"19\",\"20\",\"21\",\"22\",\"23\",\"24\",\"25\",\"26\",\"27\",\"28\",\"29\",\"30\",\"31\"","streamMonthDat":{"1":{"amString":"0,0,0,0,0,0,0,0,0,0,1000,0,0,1400,0,0,3330,0,0,0,0,1000,0,0,0,0,0,0,800,2000,900,","paxString":"0,0,0,0,0,0,0,0,0,0,1,0,0,7,0,0,7,0,0,0,0,2,0,0,0,0,0,0,2,6,3,","reqString":"0,0,0,0,0,0,0,0,0,0,1,0,0,4,0,0,6,0,0,0,0,1,0,0,0,0,0,0,1,3,2,"},"2":{"amString":"450,640,400,800,300,300,800,0,0,700,0,0,0,2250,0,760,12480,0,300,0,340,345,0,1790,0,300,450,0,0,3600,800,","paxString":"1,4,2,2,1,1,2,0,0,2,0,0,0,7,0,4,45,0,1,0,3,2,0,6,0,2,2,0,0,11,2,","reqString":"1,2,1,1,1,1,1,0,0,1,0,0,0,3,0,2,25,0,1,0,1,1,0,5,0,1,1,0,0,5,1,"},"3":{"amString":"0,300,0,0,0,0,700,1400,2100,0,0,0,0,595,0,800,1400,0,700,0,0,400,0,0,0,0,0,300,700,4200,250,","paxString":"0,1,0,0,0,0,2,4,7,0,0,0,0,4,0,2,3,0,2,0,0,1,0,0,0,0,0,1,2,12,1,","reqString":"0,1,0,0,0,0,2,1,2,0,0,0,0,2,0,2,2,0,2,0,0,1,0,0,0,0,0,1,1,4,1,"}},"donut":"22,5,68","pie":"10430,27590,14060","clients":{"1":[],"2":{"3":1,"5":2,"1":21,"7":3,"6":1,"12":2,"13":1,"11":6,"2":3,"9":2,"14":2,"10":2,"15":2,"16":2,"4":5},"3":{"1":2,"5":3,"4":1,"3":4,"2":1,"9":1,"10":2,"11":4,"13":4}},"month":"2018-07-01"}