{"invoice":45550,"cash":10430,"total":55980,"recovered":41210,"pending_payment":4340,"invoice_raised":25,"invoice_paid":18,"invoice_unpaid":7,"uninv_records":0,"total_pax":181,"total_rec":104,"stream":{"1":{"amount":10430,"recovered":10430,"pax":28,"request":18,"uninvcount":0,"thisarrear":0,"fullarrear":0,"noclients":0,"raised_invoice":0,"invoice_paid":null,"uninv_records":0,"revgen":18.631654162200785407321745879016816616058349609375,"reqgen":17.3076923076923065991650219075381755828857421875,"paxgen":15.4696132596685078652853917446918785572052001953125},"2":{"amount":27805,"recovered":24615,"pax":100,"request":55,"uninvcount":0,"thisarrear":3190,"fullarrear":3190,"noclients":15,"raised_invoice":15,"invoice_paid":11,"uninv_records":0,"revgen":49.6695248302965381981266546063125133514404296875,"reqgen":52.884615384615386801669956184923648834228515625,"paxgen":55.2486187845303930998852592892944812774658203125},"3":{"amount":17745,"recovered":16595,"pax":53,"request":31,"uninvcount":0,"thisarrear":1150,"fullarrear":1600,"noclients":9,"raised_invoice":10,"invoice_paid":7,"uninv_records":0,"revgen":31.69882100750267994726527831517159938812255859375,"reqgen":29.8076923076923065991650219075381755828857421875,"paxgen":29.2817679558011008111861883662641048431396484375}},"chartlabel":"\"01\",\"02\",\"03\",\"04\",\"05\",\"06\",\"07\",\"08\",\"09\",\"10\",\"11\",\"12\",\"13\",\"14\",\"15\",\"16\",\"17\",\"18\",\"19\",\"20\",\"21\",\"22\",\"23\",\"24\",\"25\",\"26\",\"27\",\"28\",\"29\",\"30\",\"31\"","streamMonthDat":{"1":{"amString":"0,0,0,0,0,0,0,0,0,0,1000,0,0,1400,0,0,3330,0,0,0,0,1000,0,0,0,0,0,0,800,2000,900,","paxString":"0,0,0,0,0,0,0,0,0,0,1,0,0,7,0,0,7,0,0,0,0,2,0,0,0,0,0,0,2,6,3,","reqString":"0,0,0,0,0,0,0,0,0,0,1,0,0,4,0,0,6,0,0,0,0,1,0,0,0,0,0,0,1,3,2,"},"2":{"amString":"450,640,400,800,300,300,800,0,0,700,0,0,0,2250,0,760,12480,0,300,0,340,345,0,1790,0,300,450,0,0,3600,800,","paxString":"1,4,2,2,1,1,2,0,0,2,0,0,0,7,0,4,45,0,1,0,3,2,0,6,0,2,2,0,0,11,2,","reqString":"1,2,1,1,1,1,1,0,0,1,0,0,0,3,0,2,25,0,1,0,1,1,0,5,0,1,1,0,0,5,1,"},"3":{"amString":"0,300,0,0,0,0,700,1400,2100,350,0,350,350,595,700,800,1400,0,700,700,700,400,400,0,350,0,0,300,700,4200,250,","paxString":"0,1,0,0,0,0,2,4,7,1,0,1,1,4,2,2,3,0,2,2,2,1,1,0,1,0,0,1,2,12,1,","reqString":"0,1,0,0,0,0,2,1,2,1,0,1,1,2,1,2,2,0,2,2,1,1,1,0,1,0,0,1,1,4,1,"}},"donut":"21,0,83","pie":"10430,41210,4340","clients":{"1":[],"2":{"3":1,"5":2,"1":21,"7":3,"6":1,"12":2,"13":1,"11":6,"2":3,"9":2,"14":2,"10":2,"15":2,"16":2,"4":5},"3":{"1":2,"5":3,"4":10,"3":4,"2":1,"9":1,"10":2,"11":4,"13":4}},"month":"2018-07-01"}