{"invoice":15310,"cash":13160,"total":28470,"recovered":2350,"pending_payment":12960,"invoice_raised":1,"invoice_paid":1,"invoice_unpaid":0,"uninv_records":20,"total_pax":86,"total_rec":45,"stream":{"1":{"amount":13160,"recovered":13160,"pax":40,"request":21,"uninvcount":0,"thisarrear":0,"fullarrear":0,"noclients":0,"raised_invoice":0,"invoice_paid":null,"uninv_records":0,"revgen":46.22409553916403268658541492186486721038818359375,"reqgen":46.66666666666666429819088079966604709625244140625,"paxgen":46.5116279069767415421665646135807037353515625},"2":{"amount":5980,"recovered":0,"pax":19,"request":11,"uninvcount":11,"thisarrear":5980,"fullarrear":9170,"noclients":5,"raised_invoice":0,"invoice_paid":null,"uninv_records":11,"revgen":21.00456621004565960220134002156555652618408203125,"reqgen":24.4444444444444428654605871997773647308349609375,"paxgen":22.09302325581395365361458971165120601654052734375},"3":{"amount":9330,"recovered":2350,"pax":27,"request":14,"uninvcount":9,"thisarrear":6980,"fullarrear":8580,"noclients":6,"raised_invoice":1,"invoice_paid":1,"uninv_records":9,"revgen":32.771338250790307711213245056569576263427734375,"reqgen":31.111111111111110716365146799944341182708740234375,"paxgen":31.395348837209301251505166874267160892486572265625},"0":{"amount":0,"pax":0,"request":null,"uninv_records":null,"noclients":0}},"chartlabel":"\"01\",\"02\",\"03\",\"04\",\"05\",\"06\",\"07\",\"08\",\"09\",\"10\",\"11\",\"12\",\"13\",\"14\",\"15\",\"16\",\"17\",\"18\",\"19\",\"20\",\"21\",\"22\",\"23\",\"24\",\"25\",\"26\",\"27\",\"28\",\"29\",\"30\",\"31\"","streamMonthDat":{"1":{"amString":"300,730,0,0,0,230,0,600,0,1100,0,300,0,300,0,600,5400,1200,1200,0,0,0,0,1200,0,0,0,0,0,0,0,","paxString":"1,3,0,0,0,1,0,2,0,4,0,2,0,1,0,2,14,4,3,0,0,0,0,3,0,0,0,0,0,0,0,","reqString":"1,2,0,0,0,1,0,1,0,2,0,1,0,1,0,1,8,1,1,0,0,0,0,1,0,0,0,0,0,0,0,"},"2":{"amString":"0,0,0,0,0,280,0,0,0,900,300,0,0,0,0,950,350,0,2300,0,0,0,900,0,0,0,0,0,0,0,0,","paxString":"0,0,0,0,0,2,0,0,0,3,1,0,0,0,0,3,1,0,7,0,0,0,2,0,0,0,0,0,0,0,0,","reqString":"0,0,0,0,0,1,0,0,0,1,1,0,0,0,0,2,1,0,4,0,0,0,1,0,0,0,0,0,0,0,0,"},"3":{"amString":"0,1200,0,0,0,230,0,0,1000,1050,900,0,0,0,0,300,300,0,1200,300,0,0,1200,750,0,0,0,900,0,0,0,","paxString":"0,3,0,0,0,2,0,0,2,4,3,0,0,0,0,1,1,0,3,1,0,0,3,2,0,0,0,2,0,0,0,","reqString":"0,1,0,0,0,1,0,0,1,1,1,0,0,0,0,1,1,0,1,1,0,0,2,2,0,0,0,1,0,0,0,"}},"donut":"5,19,21","pie":"13160,2350,12960","clients":{"1":[],"3":{"3":3,"5":2,"16":1,"13":2,"1":5,"10":1},"2":{"1":6,"2":1,"4":1,"12":2,"15":1},"0":[]},"month":"2018-08-01"}