{"total":9120,"cash":2660,"invoice":6460,"recovered":0,"pending_payment":6460,"invoice_raised":0,"invoice_paid":0,"invoice_unpaid":0,"uninv_records":9,"total_pax":33,"total_rec":16,"stream":{"1":{"amount":2660,"recovered":2660,"pax":11,"request":7,"uninvcount":0,"noclients":0,"raised_invoice":0,"invoice_paid":null,"uninv_records":0,"revgen":29.166666666666667850904559600166976451873779296875,"reqgen":43.75,"paxgen":33.3333333333333285963817615993320941925048828125},"2":{"amount":1480,"recovered":0,"pax":6,"request":3,"uninvcount":3,"noclients":1,"raised_invoice":0,"invoice_paid":null,"uninv_records":3,"revgen":16.22807017543859586794496863149106502532958984375,"reqgen":18.75,"paxgen":18.181818181818183433051672182045876979827880859375},"3":{"amount":4980,"recovered":0,"pax":16,"request":6,"uninvcount":6,"noclients":5,"raised_invoice":0,"invoice_paid":null,"uninv_records":6,"revgen":54.60526315789473272843679296784102916717529296875,"reqgen":37.5,"paxgen":48.4848484848484844178528874181210994720458984375}},"chartlable":"\"01\",\"02\",\"03\",\"04\",\"05\",\"06\",\"07\",\"08\",\"09\",\"10\",\"11\",\"12\",\"13\",\"14\",\"15\",\"16\",\"17\",\"18\",\"19\",\"20\",\"21\",\"22\",\"23\",\"24\",\"25\",\"26\",\"27\",\"28\",\"29\",\"30\",\"31\"","streamMonthDat":{"1":{"amString":"300,730,0,0,0,230,0,0,0,1100,0,300,0,0,0,0,0,0,0,0,0,0,0,0,0,0,0,0,0,0,0,","paxString":"1,3,0,0,0,1,0,0,0,4,0,2,0,0,0,0,0,0,0,0,0,0,0,0,0,0,0,0,0,0,0,","reqString":"1,2,0,0,0,1,0,0,0,2,0,1,0,0,0,0,0,0,0,0,0,0,0,0,0,0,0,0,0,0,0,"},"2":{"amString":"0,0,0,0,0,280,0,0,0,900,300,0,0,0,0,0,0,0,0,0,0,0,0,0,0,0,0,0,0,0,0,","paxString":"0,0,0,0,0,2,0,0,0,3,1,0,0,0,0,0,0,0,0,0,0,0,0,0,0,0,0,0,0,0,0,","reqString":"0,0,0,0,0,1,0,0,0,1,1,0,0,0,0,0,0,0,0,0,0,0,0,0,0,0,0,0,0,0,0,"},"3":{"amString":"0,1200,0,0,0,230,0,600,1000,1050,900,0,0,0,0,0,0,0,0,0,0,0,0,0,0,0,0,0,0,0,0,","paxString":"0,3,0,0,0,2,0,2,2,4,3,0,0,0,0,0,0,0,0,0,0,0,0,0,0,0,0,0,0,0,0,","reqString":"0,1,0,0,0,1,0,1,1,1,1,0,0,0,0,0,0,0,0,0,0,0,0,0,0,0,0,0,0,0,0,"}},"donut":"0,9,7","pie":"2660,0,6460"}