{"total":43830,"cash":10430,"invoice":33400,"recovered":3195,"pending_payment":30205,"invoice_raised":10,"invoice_paid":3,"invoice_unpaid":7,"uninv_records":47,"total_pax":145,"total_rec":80,"stream":{"1":{"amount":10430,"recovered":10430,"pax":28,"request":18,"uninvcount":0,"noclients":0,"raised_invoice":0,"invoice_paid":null,"uninv_records":0,"revgen":23.79648642482317910662459325976669788360595703125,"reqgen":22.5,"paxgen":19.3103448275862064065222511999309062957763671875},"2":{"amount":25005,"recovered":1250,"pax":92,"request":49,"uninvcount":39,"noclients":14,"raised_invoice":6,"invoice_paid":1,"uninv_records":39,"revgen":57.0499657768651644573765224777162075042724609375,"reqgen":61.25000000000000710542735760100185871124267578125,"paxgen":63.4482758620689679673887440003454685211181640625},"3":{"amount":8395,"recovered":1945,"pax":25,"request":13,"uninvcount":8,"noclients":9,"raised_invoice":4,"invoice_paid":2,"uninv_records":8,"revgen":19.153547798311659988712563063018023967742919921875,"reqgen":16.25,"paxgen":17.241379310344829178802683600224554538726806640625}},"chartlable":"\"01\",\"02\",\"03\",\"04\",\"05\",\"06\",\"07\",\"08\",\"09\",\"10\",\"11\",\"12\",\"13\",\"14\",\"15\",\"16\",\"17\",\"18\",\"19\",\"20\",\"21\",\"22\",\"23\",\"24\",\"25\",\"26\",\"27\",\"28\",\"29\",\"30\",\"31\"","streamMonthDat":{"1":{"amString":"0,0,0,0,0,0,0,0,0,0,1000,0,0,1400,0,0,3330,0,0,0,0,1000,0,0,0,0,0,0,800,2000,900,","paxString":"0,0,0,0,0,0,0,0,0,0,1,0,0,7,0,0,7,0,0,0,0,2,0,0,0,0,0,0,2,6,3,","reqString":"0,0,0,0,0,0,0,0,0,0,1,0,0,4,0,0,6,0,0,0,0,1,0,0,0,0,0,0,1,3,2,"},"2":{"amString":"450,340,400,0,0,0,0,0,0,700,0,0,0,2250,0,760,12480,0,0,0,340,345,0,1790,0,300,450,0,0,3600,800,","paxString":"1,3,2,0,0,0,0,0,0,2,0,0,0,7,0,4,45,0,0,0,3,2,0,6,0,2,2,0,0,11,2,","reqString":"1,1,1,0,0,0,0,0,0,1,0,0,0,3,0,2,25,0,0,0,1,1,0,5,0,1,1,0,0,5,1,"},"3":{"amString":"0,0,0,0,0,0,0,0,0,0,0,0,0,595,0,800,1400,0,0,0,0,400,0,0,0,0,0,0,700,4200,300,","paxString":"0,0,0,0,0,0,0,0,0,0,0,0,0,4,0,2,3,0,0,0,0,1,0,0,0,0,0,0,2,12,1,","reqString":"0,0,0,0,0,0,0,0,0,0,0,0,0,2,0,2,2,0,0,0,0,1,0,0,0,0,0,0,1,4,1,"}},"donut":"10,47,23","pie":"10430,3195,30205"}